<?xml version="1.0"?>
<node name="/com/example/MyApp">
    <interface name="com.example.MyApp.Calc">
        <method name="Add">
            <arg type="i" name="val1" direction="in" />
            <arg type="i" name="val2" direction="in" />
            <arg type="i" name="ret_val" direction="out" />
        </method>
        <method name="Subtract">
            <arg type="i" name="val1" direction="in" />
            <arg type="i" name="val2" direction="in" />
            <arg type="i" name="ret_val" direction="out" />
        </method>
    </interface>
</node>
